HostName,Project,common,Tal
USAZUITS50156,PPMDPrehire,,tal
USAZUITS50157,PPMDPrehire,,tal
USAZUITS50159,PPMDPrehire,,tal
USAZUITS50251,PPMDPrehire,,tal
USAZUITS50252,PPMDPrehire,,tal
USAZUITS50255,PPMDPrehire,,tal
USAWSITS05356,ThankItForward,,tal
USAWSITS05357,ThankItForward,,tal
USAWSITS05358,ThankItForward,,tal
USAWSITS05355,ThankItForward,,tal
USAZUITS50032,DCMShared,x,
USAZUITS50070,DCMShared,x,
USAZUITS50033,DCMShared,x,
USAZUITS50034,DCMShared,x,
USAZUITS50071,DCMShared,x,
USAZUITS50072,DCMShared,x,
USAZUITS50158,DCMShared,x,
USAZUITS50149,AlumniTOD,,tal
USAZUITS50150,AlumniTOD,,tal
USAZUITS50151,AlumniTOD,,tal
USAZUITS50152,AlumniTOD,,tal
USAZUITS50153,AlumniTOD,,tal
USAZUITS50154,AlumniTOD,,tal
USAZUITS50155,AlumniTOD,,tal
USAZUITS50156,AlumniTOD,,tal
USAZUITS50157,AlumniTOD,,tal
USAZUITS50159,AlumniTOD,,tal
USAZUITS50160,AlumniTOD,,tal
USAZUITS50251,AlumniTOD,,tal
USAZUITS50990,TalentFinder,x,
USAZUITS50989,TalentFinder,,tal
USAZUITS50988,TalentFinder,,tal
USAZUTALPR00003,ElevateUC,,tal
USAZUTALPR00002,ElevateUC,,tal
USAZUITS50057,USRMSS,x,
USAZUITS50058,USRMSS,x,
USAZUITS50059,USRMSS,x,
USAZUENA00335,USRMSS,x,
USAZUITS50933,MySource1,,tal
USAZUITS50934,MySource1,,tal
USAZUITS50935,MySource1,,tal
USAZUITS50952,MySource1,,tal
USAZUITS50961,MySource1,,tal
USAZUITS50057,DCMShared,x,
USAZUITS50058,DCMShared,x,
USAZUITS50059,DCMShared,x,
USAZUITS50634,DCMShared,x,
USAZUITS50635,DCMShared,x,
USAZUITS50636,DCMShared,x,
USAZUITS50149,PSTOD,,tal
USAZUITS50150,PSTOD,,tal
USAZUITS50151,PSTOD,,tal
USAZUITS50152,PSTOD,,tal
USAZUITS50153,PSTOD,,tal
USAZUITS50154,PSTOD,,tal
USAZUITS50155,PSTOD,,tal
USAZUITS50160,PSTOD,,tal
USAZUITS50073,DCMShared,x,
USAZUITS50074,DCMShared,x,
USAZUITS50075,DCMShared,x,
USAZUITS50035,DCMShared,x,
USAZUITS50036,DCMShared,x,
USAZUITS50037,DCMShared,x,
USAZUITS50086,DCMShared,x,
USAZUITS50981,TOD,,tal
USAZUITS50972,TOD,,tal
USAZUITS50973,TOD,,tal
USAZUITS50974,TOD,,tal
USAZUITS50975,TOD,,tal
USAZUITS50976,TOD,,tal
USAZUITS50978,TOD,,tal
USAZUITS50980,TOD,,tal
USAZUITS50983,TOD,,tal
USAZUITS51126,TOD,,tal
USAZUITS50982,TOD,,tal
USAZUITS51128,TOD,,tal
USAZUITS50979,TOD,,tal
USAZUITS51127,TOD,,tal
USAZUITS50977,TOD,,tal
USAZUITS51177,TOD,,tal
USAZUITS51181,TOD,,tal
USAZUITS51185,TOD,,tal
