customer_name,order_count,order_rank,order_dense_rank,order_row_number
"DARREN BUDD",26,1,1,1
"BRAD THOMAS",24,2,2,2
"ED BRAXTON",22,3,3,3
"JACK O'BRIANT",21,4,4,4
"CARLOS SOLTERO",20,5,5,5
"GIULIETTA DORTCH",19,6,6,6
"QUINCY JONES",19,6,6,7
"ADAM HART",18,8,7,8
"MARK COUSINS",18,8,7,9
"NORA PRICE",18,8,7,10
"ROY SKARIA",18,8,7,11
"SYLVIA FOULSTON",18,8,7,12
"ALAN HWANG",17,13,8,13
"ERIC BARRETO",17,13,8,14
"GRANT CARROLL",17,13,8,15
"NATHAN MAUTZ",17,13,8,16
"PATRICK JONES",17,13,8,17
"AMY HUNT",16,18,9,18
"CYNTHIA ARNTZEN",16,18,9,19
"EDWARD NAZZAL",16,18,9,20
"JOY SMITH",16,18,9,21
"MICHAEL DOMINGUEZ",16,18,9,22
"MUHAMMED YEDWAB",16,18,9,23
"ROB HABERLIN",16,18,9,24
"SALLY HUGHSBY",16,18,9,25
"SONIA SUNLEY",16,18,9,26
"TONY SAYRE",16,18,9,27
"BARRY GONZALEZ",15,28,10,28
"CHRISTY BRITTAIN",15,28,10,29
"DENISE MONTON",15,28,10,30
"HAROLD DAHLEN",15,28,10,31
"LAUREN LEATHERBURY",15,28,10,32
"LENA CREIGHTON",15,28,10,33
"MARIA BERTELSON",15,28,10,34
"NATALIE WEBBER",15,28,10,35
"NICOLE BRENNAN",15,28,10,36
"SALLY KNUTSON",15,28,10,37
"TANJA NORVELL",15,28,10,38
"WILLIAM BROWN",15,28,10,39
"BILL DONATELLI",14,40,11,40
"BILL EPLETT",14,40,11,41
"CINDY CHAPMAN",14,40,11,42
"DOUG BICKFORD",14,40,11,43
"HELEN WASSERMAN",14,40,11,44
"JACK LEBRON",14,40,11,45
"JOHN LUCAS",14,40,11,46
"JONATHAN DOHERTY",14,40,11,47
"JONI BLUMSTEIN",14,40,11,48
"KARL BROWN",14,40,11,49
"LIZ MACKENDRICK",14,40,11,50
"MARC CRIER",14,40,11,51
"NEIL KNUDSON",14,40,11,52
"PAULINE CHAND",14,40,11,53
"RICK WILSON",14,40,11,54
"SHAHID SHARIARI",14,40,11,55
"ASHLEY JARBOE",13,56,12,56
"DEANRA ENO",13,56,12,57
"DENNIS KANE",13,56,12,58
"DUANE HUFFMAN",13,56,12,59
"EDWARD BECKER",13,56,12,60
"IONIA MCGRATH",13,56,12,61
"KEITH DAWKINS",13,56,12,62
"LISA DECHERNEY",13,56,12,63
"LIZ PRICE",13,56,12,64
"LYCORIS SAUNDERS",13,56,12,65
"MEG O'CONNEL",13,56,12,66
"STEVE NGUYEN",13,56,12,67
"THERESA SWINT",13,56,12,68
"AMY COX",12,69,13,69
"ANNE PRYOR",12,69,13,70
"ANNIE THURMAN",12,69,13,71
"BETH THOMPSON",12,69,13,72
"CARLOS MEADOR",12,69,13,73
"DEBORAH BRUMFIELD",12,69,13,74
"DENNIS BOLTON",12,69,13,75
"EMILY GRADY",12,69,13,76
"ERICA BERN",12,69,13,77
"FRANK MERWIN",12,69,13,78
"GRANT THORNTON",12,69,13,79
"GREG GUTHRIE",12,69,13,80
"HAROLD ENGLE",12,69,13,81
"JIM EPP",12,69,13,82
"JOSEPH AIRDO",12,69,13,83
"JULIA BARNETT",12,69,13,84
"KHLOE MILLER",12,69,13,85
"LOGAN HAUSHALTER",12,69,13,86
"MATT ABELMAN",12,69,13,87
"MICHELLE ELLISON",12,69,13,88
"MICK CREBAGGA",12,69,13,89
"NOEL STAAVOS",12,69,13,90
"PATRICK RYAN",12,69,13,91
"PHILIP BROWN",12,69,13,92
"RALPH KENNEDY",12,69,13,93
"ROY PHAN",12,69,13,94
"SARA LUXEMBURG",12,69,13,95
"THAIS SISSMAN",12,69,13,96
"VIVEK GRADY",12,69,13,97
"ART FOSTER",11,98,14,98
"BOBBY TRAFTON",11,98,14,99
"CARI SAYRE",11,98,14,100
"CHRISTINA VANDERZANDEN",11,98,14,101
"CHUCK CLARK",11,98,14,102
"DAVE HALLSTEN",11,98,14,103
"DENNIS PARDUE",11,98,14,104
"GARY HWANG",11,98,14,105
"JOHN CASTELL",11,98,14,106
"JUSTIN HIRSH",11,98,14,107
"KAREN CARLISLE",11,98,14,108
"KATHERINE NOCKTON",11,98,14,109
"LARRY TRON",11,98,14,110
"LUKE SCHMIDT",11,98,14,111
"MAXWELL SCHWARTZ",11,98,14,112
"MICHAEL OAKMAN",11,98,14,113
"NORA PAIGE",11,98,14,114
"PETER FULLER",11,98,14,115
"RAYMOND BOOK",11,98,14,116
"SAPHHIRA SHIFLEY",11,98,14,117
"SUSAN VITTORINI",11,98,14,118
"TOM PRESCOTT",11,98,14,119
"TONJA TURNELL",11,98,14,120
"TRACY COLLINS",11,98,14,121
"VALERIE TAKAHITO",11,98,14,122
"VIVIAN MATHIS",11,98,14,123
"ADAM SHILLINGSBURG",10,124,15,124
"ALAN BARNES",10,124,15,125
"ALEKSANDRA GANNAWAY",10,124,15,126
"ANTHONY RAWLES",10,124,15,127
"ARTHUR PRICHEP",10,124,15,128
"BRADLEY DRUCKER",10,124,15,129
"BRIAN STUGART",10,124,15,130
"CARLOS DALY",10,124,15,131
"CHARLES CRESTANI",10,124,15,132
"CHRISTOPHER MARTINEZ",10,124,15,133
"CLYTIE KELTY",10,124,15,134
"DAN CAMPBELL",10,124,15,135
"DAVE POIRIER",10,124,15,136
"DORRIS LOVE",10,124,15,137
"EUGENE MOREN",10,124,15,138
"GEORGE ASHBROOK",10,124,15,139
"GUY ARMSTRONG",10,124,15,140
"HELEN ANDREADA",10,124,15,141
"JAS O'CARROLL",10,124,15,142
"JENNIFER PATT",10,124,15,143
"JOHN LEE",10,124,15,144
"KEN LONSDALE",10,124,15,145
"LINDA SOUTHWORTH",10,124,15,146
"LIZ WILLINGHAM",10,124,15,147
"MATT COLLISTER",10,124,15,148
"MATTHEW GRINSTEIN",10,124,15,149
"MAX JONES",10,124,15,150
"MICHELLE TRAN",10,124,15,151
"MIKE KENNEDY",10,124,15,152
"MITCH GASTINEAU",10,124,15,153
"RICK HANSEN",10,124,15,154
"SEAN O'DONNELL",10,124,15,155
"SIBELLA PARKS",10,124,15,156
"TAMARA WILLINGHAM",10,124,15,157
"TOM STIVERS",10,124,15,158
"TRACY PODDAR",10,124,15,159
"VICTORIA PISTEKA",10,124,15,160
"AARON HAWKINS",9,161,16,161
"ALEJANDRO GROVE",9,161,16,162
"ALEX AVILA",9,161,16,163
"ANDREW ROBERTS",9,161,16,164
"BENJAMIN VENIER",9,161,16,165
"BOBBY ELIAS",9,161,16,166
"CARI MACINTYRE",9,161,16,167
"CARL WEISS",9,161,16,168
"CAROL TRIGGS",9,161,16,169
"CAROLINE JUMPER",9,161,16,170
"CHRISTINE ABELMAN",9,161,16,171
"CHRISTINE SUNDARESAM",9,161,16,172
"CYNTHIA DELANEY",9,161,16,173
"DARREN POWERS",9,161,16,174
"DAVID PHILIPPE",9,161,16,175
"DOROTHY WARDLE",9,161,16,176
"ERIN CREIGHTON",9,161,16,177
"EVA JACOBS",9,161,16,178
"FRED HARTON",9,161,16,179
"FRED MCMATH",9,161,16,180
"HAROLD RYAN",9,161,16,181
"JANET MARTIN",9,161,16,182
"JIM KRIZ",9,161,16,183
"JIM SINK",9,161,16,184
"JULIA DUNBAR",9,161,16,185
"JULIA WEST",9,161,16,186
"KELLY WILLIAMS",9,161,16,187
"LAUREL ELLISTON",9,161,16,188
"LELA DONOVAN",9,161,16,189
"LIZ CARLISLE",9,161,16,190
"LIZ PELLETIER",9,161,16,191
"MATHEW REESE",9,161,16,192
"MICHELLE LONSDALE",9,161,16,193
"MICHELLE MORAY",9,161,16,194
"ODELLA NELSON",9,161,16,195
"PAULINE WEBBER",9,161,16,196
"PHILLIP FLATHMANN",9,161,16,197
"RANDY FERGUSON",9,161,16,198
"RESI POLKING",9,161,16,199
"ROY COLLINS",9,161,16,200
"SANDRA GLASSCO",9,161,16,201
"SARAH BROWN",9,161,16,202
"SCOTT COHEN",9,161,16,203
"SHAUN CHANCE",9,161,16,204
"TODD BOYES",9,161,16,205
"TROY BLACKWELL",9,161,16,206
"AARON SMAYLING",8,207,17,207
"ADAM BELLAVANCE",8,207,17,208
"ALAN HAINES",8,207,17,209
"ALEX RUSSELL",8,207,17,210
"ANTHONY O'DONNELL",8,207,17,211
"ART MILLER",8,207,17,212
"ASTREA JONES",8,207,17,213
"BARBARA FISHER",8,207,17,214
"BARRY WEIRICH",8,207,17,215
"BECKY PAK",8,207,17,216
"BENJAMIN PATTERSON",8,207,17,217
"BOBBY ODEGARD",8,207,17,218
"BRENDA BOWMAN",8,207,17,219
"BRENDAN MURRY",8,207,17,220
"BRIAN MOSS",8,207,17,221
"BRYAN SPRUELL",8,207,17,222
"CANDACE MCMAHON",8,207,17,223
"CHRISTOPHER CONANT",8,207,17,224
"CHRISTOPHER SCHILD",8,207,17,225
"CHUCK SACHS",8,207,17,226
"CINDY SCHNELLING",8,207,17,227
"CINDY STEWART",8,207,17,228
"DAVE KIPP",8,207,17,229
"DAVID KENDRICK",8,207,17,230
"DEBRA CATINI",8,207,17,231
"DIANNA VITTORINI",8,207,17,232
"DUANE BENOIT",8,207,17,233
"EMILY PHAN",8,207,17,234
"ERIN MULL",8,207,17,235
"EVAN HENRY",8,207,17,236
"GEORGIA ROSENBERG",8,207,17,237
"GIULIETTA WEIMER",8,207,17,238
"HALLIE REDMOND",8,207,17,239
"IVAN LISTON",8,207,17,240
"JAMES GALANG",8,207,17,241
"JAMES LANIER",8,207,17,242
"JENNA CAFFEY",8,207,17,243
"JENNIFER FERGUSON",8,207,17,244
"JEREMY PISTEK",8,207,17,245
"JOHN DRYER",8,207,17,246
"JONI WASSERMAN",8,207,17,247
"JULIANA KROHN",8,207,17,248
"JUSTIN KNIGHT",8,207,17,249
"KELLY ANDREADA",8,207,17,250
"KEN DANA",8,207,17,251
"KIMBERLY CARTER",8,207,17,252
"LINDSAY CASTELL",8,207,17,253
"MAGDELENE MORSE",8,207,17,254
"MARIA ZETTNER",8,207,17,255
"MEG TILLMAN",8,207,17,256
"MICHAEL GRACE",8,207,17,257
"MICHAEL GRANLUND",8,207,17,258
"MIKE VITTORINI",8,207,17,259
"MUHAMMED MACINTYRE",8,207,17,260
"NARESJ PATEL",8,207,17,261
"NEIL FRENCH",8,207,17,262
"NICK CREBASSA",8,207,17,263
"NICOLE HANSEN",8,207,17,264
"NORA PELLETIER",8,207,17,265
"PATRICK O'DONNELL",8,207,17,266
"PAUL PROST",8,207,17,267
"RAYMOND FAIR",8,207,17,268
"RITSA HIGHTOWER",8,207,17,269
"ROB DOWD",8,207,17,270
"SALLY MATTHIAS",8,207,17,271
"SANJIT CHAND",8,207,17,272
"SANJIT JACOBS",8,207,17,273
"SEAN WENDT",8,207,17,274
"STEVE CHAPMAN",8,207,17,275
"SUNG PAK",8,207,17,276
"SUZANNE MCNAIR",8,207,17,277
"THEA HUDGINGS",8,207,17,278
"TRUDY BELL",8,207,17,279
"VICTORIA BRENNAN",8,207,17,280
"VICTORIA WILSON",8,207,17,281
"VIVEK SUNDARESAM",8,207,17,282
"ALEX GRAYSON",7,283,18,283
"ALICE MCCARTHY",7,283,18,284
"ANN BLUME",7,283,18,285
"ANN STEELE",7,283,18,286
"ANNA ANDREADI",7,283,18,287
"ANTHONY GARVERICK",7,283,18,288
"ANTHONY JOHNSON",7,283,18,289
"ARIANNE IRVING",7,283,18,290
"ART FERGUSON",7,283,18,291
"BEN WALLACE",7,283,18,292
"BENJAMIN FARHAT",7,283,18,293
"BILL OVERFELT",7,283,18,294
"BILL SHONELY",7,283,18,295
"BRAD EASON",7,283,18,296
"BRENDAN SWEED",7,283,18,297
"CATHERINE GLOTZBACH",7,283,18,298
"CATHY ARMSTRONG",7,283,18,299
"COREY LOCK",7,283,18,300
"CRAIG CARROLL",7,283,18,301
"CRAIG MOLINARI",7,283,18,302
"CRAIG YEDWAB",7,283,18,303
"DAMALA KOTSONIS",7,283,18,304
"DARRIN SAYRE",7,283,18,305
"DEAN PERCER",7,283,18,306
"DENNY ORDWAY",7,283,18,307
"DIONIS LLOYD",7,283,18,308
"DON MILLER",7,283,18,309
"ED LUDWIG",7,283,18,310
"ELENI MCCRARY",7,283,18,311
"ERIN ASHBROOK",7,283,18,312
"EUGENE BARCHAS",7,283,18,313
"FRANK HAWLEY",7,283,18,314
"FRED WASSERMAN",7,283,18,315
"GARY MCGARR",7,283,18,316
"GARY ZANDUSKY",7,283,18,317
"GREG MATTHIAS",7,283,18,318
"GUY PHONELY",7,283,18,319
"GUY THORNTON",7,283,18,320
"HAROLD PAWLAN",7,283,18,321
"JANET LEE",7,283,18,322
"JASON KLAMCZYNSKI",7,283,18,323
"JASPER CACIOPPO",7,283,18,324
"JENNIFER JACKSON",7,283,18,325
"JEREMY LONSDALE",7,283,18,326
"JILL MATTHIAS",7,283,18,327
"JIM KARLSSON",7,283,18,328
"JIM RADFORD",7,283,18,329
"JOHN MURRAY",7,283,18,330
"KATRINA WILLMAN",7,283,18,331
"KEAN NGUYEN",7,283,18,332
"KELLY LAMPKIN",7,283,18,333
"KEN BRENNAN",7,283,18,334
"KEN HEIDEL",7,283,18,335
"KRISTINA NUNN",7,283,18,336
"LAURA ARMSTRONG",7,283,18,337
"LENA RADFORD",7,283,18,338
"LUKE WEISS",7,283,18,339
"LYNN SMITH",7,283,18,340
"MARIBETH YEDWAB",7,283,18,341
"MARK PACKER",7,283,18,342
"MATT CONNELL",7,283,18,343
"MAUREEN GASTINEAU",7,283,18,344
"MAYA HERMAN",7,283,18,345
"MICHELLE ARNETT",7,283,18,346
"MICHELLE HUTHWAITE",7,283,18,347
"MITCH WILLINGHAM",7,283,18,348
"MONICA FEDERLE",7,283,18,349
"MUHAMMED LEE",7,283,18,350
"NAT CARROLL",7,283,18,351
"NAT GILPIN",7,283,18,352
"NICK ZANDUSKY",7,283,18,353
"OLVERA TOCH",7,283,18,354
"PATRICK O'BRILL",7,283,18,355
"PAUL KNUTSON",7,283,18,356
"PENELOPE SEWALL",7,283,18,357
"RACHEL PAYNE",7,283,18,358
"RALPH ARNETT",7,283,18,359
"RALPH KNIGHT",7,283,18,360
"ROBERT MARLEY",7,283,18,361
"RUBEN DARTT",7,283,18,362
"RUSSELL APPLEGATE",7,283,18,363
"SANDRA FLANAGAN",7,283,18,364
"SPEROS GORANITIS",7,283,18,365
"STEVEN WARD",7,283,18,366
"SUNG SHARIARI",7,283,18,367
"TAMARA DAHLEN",7,283,18,368
"TAMARA MANNING",7,283,18,369
"THEONE PIPPENGER",7,283,18,370
"THOMAS BOLAND",7,283,18,371
"THOMAS THORNTON",7,283,18,372
"TIM BROCKMAN",7,283,18,373
"TOBY SWINDELL",7,283,18,374
"TOM BOECKENHAUER",7,283,18,375
"TROY STAEBEL",7,283,18,376
"VALERIE DOMINGUEZ",7,283,18,377
"XYLONA PRICE",7,283,18,378
"YOSEPH CARROLL",7,283,18,379
"ALLEN ROSENBLATT",6,380,19,380
"ALYSSA CROUSE",6,380,19,381
"ANDY REITER",6,380,19,382
"ANEMONE RATNER",6,380,19,383
"ARTHUR GAINER",6,380,19,384
"BARRY BLUMSTEIN",6,380,19,385
"BARRY FRANZ",6,380,19,386
"BRENDAN DODSON",6,380,19,387
"BRIAN DECHERNEY",6,380,19,388
"BROOKE GILLINGHAM",6,380,19,389
"BRUCE STEWART",6,380,19,390
"BRYAN MILLS",6,380,19,391
"CARI SCHNELLING",6,380,19,392
"CAROL DARLEY",6,380,19,393
"CHAD SIEVERT",6,380,19,394
"CLAIRE GOOD",6,380,19,395
"CLAUDIA MINER",6,380,19,396
"CRAIG LESLIE",6,380,19,397
"DAN LAWERA",6,380,19,398
"DANIEL LACY",6,380,19,399
"DARIO MEDINA",6,380,19,400
"DARRIN VAN HUFF",6,380,19,401
"DAVID FLASHING",6,380,19,402
"DENISE LEINENBACH",6,380,19,403
"DON JONES",6,380,19,404
"ELIZABETH MOFFITT",6,380,19,405
"ELLIS BALLARD",6,380,19,406
"ERICA HERNANDEZ",6,380,19,407
"ERICA SMITH",6,380,19,408
"EUGENE HILDEBRAND",6,380,19,409
"EVAN BAILLIET",6,380,19,410
"EVAN MINNOTTE",6,380,19,411
"FILIA MCADAMS",6,380,19,412
"GENE HALE",6,380,19,413
"GENE MCCLURE",6,380,19,414
"GEORGE ZREBASSA",6,380,19,415
"HENRY GOLDWYN",6,380,19,416
"HILARY HOLDEN",6,380,19,417
"JACK GARZA",6,380,19,418
"JAMIE KUNITZ",6,380,19,419
"JAY FINE",6,380,19,420
"JENNIFER BRAXTON",6,380,19,421
"JESSICA MYRICK",6,380,19,422
"JOE ELIJAH",6,380,19,423
"JOEL EATON",6,380,19,424
"JOY BELL",6,380,19,425
"JULIE KRIZ",6,380,19,426
"JULIE PRESCOTT",6,380,19,427
"JUSTIN ELLISON",6,380,19,428
"KAREN SEIO",6,380,19,429
"KATHERINE HUGHES",6,380,19,430
"KEAN THORNTON",6,380,19,431
"LISA HAZARD",6,380,19,432
"MARIBETH DONA",6,380,19,433
"MARYBETH SKACH",6,380,19,434
"MAUREEN FRITZLER",6,380,19,435
"MAX ENGLE",6,380,19,436
"MIKE GOCKENBACH",6,380,19,437
"MIKE PELLETIER",6,380,19,438
"NANCY LOMONACO",6,380,19,439
"NONA BALK",6,380,19,440
"PATRICK BZOSTEK",6,380,19,441
"PAUL MACINTYRE",6,380,19,442
"PHILLINA OBER",6,380,19,443
"PIERRE WENER",6,380,19,444
"RANDY BRADLEY",6,380,19,445
"RICK BENSLEY",6,380,19,446
"RICK DUSTON",6,380,19,447
"ROGER DEMIR",6,380,19,448
"ROLAND BLACK",6,380,19,449
"RYAN CROWE",6,380,19,450
"SAM CRAVEN",6,380,19,451
"SCOT CORAM",6,380,19,452
"SEAN BRAXTON",6,380,19,453
"SEAN CHRISTENSEN",6,380,19,454
"SEAN MILLER",6,380,19,455
"SETH VERNON",6,380,19,456
"SHAHID HOPKINS",6,380,19,457
"SHERI GORDON",6,380,19,458
"STEPHANIE PHELPS",6,380,19,459
"STEVEN ROELLE",6,380,19,460
"STEWART VISINSKY",6,380,19,461
"STUART CALHOUN",6,380,19,462
"SUSAN PISTEK",6,380,19,463
"TIM TASLIMI",6,380,19,464
"TOBY CARLISLE",6,380,19,465
"TONY MOLINARI",6,380,19,466
"TRUDY BROWN",6,380,19,467
"VICKY FREYMANN",6,380,19,468
"YANA SORENSEN",6,380,19,469
"AARON BERGMAN",5,470,20,470
"ADRIAN SHAMI",5,470,20,471
"ALAN DOMINGUEZ",5,470,20,472
"ALAN SCHOENBERGER",5,470,20,473
"ALEJANDRO BALLENTINE",5,470,20,474
"ALYSSA TATE",5,470,20,475
"ANDREW ALLEN",5,470,20,476
"ANDY GERBODE",5,470,20,477
"BARRY POND",5,470,20,478
"BART WATTERS",5,470,20,479
"BEN FERRER",5,470,20,480
"BEN PETERMAN",5,470,20,481
"BERENIKE KAMPE",5,470,20,482
"BRADLEY NGUYEN",5,470,20,483
"BRUCE DEGENHARDT",5,470,20,484
"CARL LUDWIG",5,470,20,485
"CHARLES MCCROSSIN",5,470,20,486
"CHARLOTTE MELTON",5,470,20,487
"CHRIS CORTES",5,470,20,488
"CHRIS SELESNICK",5,470,20,489
"CHRISTINA ANDERSON",5,470,20,490
"CHRISTINA DEMOSS",5,470,20,491
"CLAY CHEATHAM",5,470,20,492
"COREY CATLETT",5,470,20,493
"CYNTHIA VOLTZ",5,470,20,494
"DANA KAYDOS",5,470,20,495
"DANIEL BYRD",5,470,20,496
"DAVID BREMER",5,470,20,497
"DEAN KATZ",5,470,20,498
"DELFINA LATCHFORD",5,470,20,499
"DENNY JOY",5,470,20,500
"DIANNA ARNETT",5,470,20,501
"DOROTHY BADDERS",5,470,20,502
"DUANE NOONAN",5,470,20,503
"ED JACOBS",5,470,20,504
"EDWARD HOOKS",5,470,20,505
"EILEEN KIEFER",5,470,20,506
"ELPIDA RITTENBACH",5,470,20,507
"FRANK ATKINSON",5,470,20,508
"FRED CHUNG",5,470,20,509
"GEORGE BELL",5,470,20,510
"GIULIETTA BAPTIST",5,470,20,511
"GREG HANSEN",5,470,20,512
"GREG TRAN",5,470,20,513
"HARRY MARIE",5,470,20,514
"HELEN ABELMAN",5,470,20,515
"IRENE MADDOX",5,470,20,516
"JENNIFER HALLADAY",5,470,20,517
"JILL STEVENSON",5,470,20,518
"JIM MITCHUM",5,470,20,519
"JONATHAN HOWELL",5,470,20,520
"JULIE CREIGHTON",5,470,20,521
"KAREN FERGUSON",5,470,20,522
"KATRINA BAVINGER",5,470,20,523
"LINDSAY SHAGIARI",5,470,20,524
"MATT COLLINS",5,470,20,525
"MELANIE PAGE",5,470,20,526
"MICHAEL KENNEDY",5,470,20,527
"MICHAEL MOORE",5,470,20,528
"MICHAEL PAIGE",5,470,20,529
"MICHAEL STEWART",5,470,20,530
"MITCH WEBBER",5,470,20,531
"NATHAN CANO",5,470,20,532
"NATHAN GELDER",5,470,20,533
"NICK RADFORD",5,470,20,534
"PAMELA STOBB",5,470,20,535
"PATRICK GARDNER",5,470,20,536
"PETE ARMSTRONG",5,470,20,537
"PETE TAKAHITO",5,470,20,538
"PETER BUHLER",5,470,20,539
"PHILIP FOX",5,470,20,540
"RICARDO BLOCK",5,470,20,541
"RICHARD BIERNER",5,470,20,542
"ROBERT BARROSO",5,470,20,543
"ROBERT DILBECK",5,470,20,544
"ROBERT WALDORF",5,470,20,545
"ROLAND FJELD",5,470,20,546
"ROY FRENCH",5,470,20,547
"SARAH BERN",5,470,20,548
"SARAH FOSTER",5,470,20,549
"SARAH JORDON",5,470,20,550
"SHIRLEY JACKSON",5,470,20,551
"SKYE NORLING",5,470,20,552
"SONIA COOLEY",5,470,20,553
"STEFANIA PERRINO",5,470,20,554
"STEPHANIE ULPRIGHT",5,470,20,555
"STEVE CARROLL",5,470,20,556
"STUART VAN",5,470,20,557
"SUE ANN REED",5,470,20,558
"TAMARA CHAND",5,470,20,559
"TED TREVINO",5,470,20,560
"THEA HENDRICKS",5,470,20,561
"THOMAS BRUMLEY",5,470,20,562
"TOBY GRACE",5,470,20,563
"TONY CHAPMAN",5,470,20,564
"TRACY BLUMSTEIN",5,470,20,565
"TRACY HOPKINS",5,470,20,566
"TRUDY SCHMIDT",5,470,20,567
"VICTOR PRICE",5,470,20,568
"VIVEK GONZALEZ",5,470,20,569
"ALAN SHONELY",4,570,21,570
"ALEJANDRO SAVELY",4,570,21,571
"ALLEN ARMOLD",4,570,21,572
"ALLEN GOLDEN",4,570,21,573
"ANNA HABERLIN",4,570,21,574
"ANNIE CYPRUS",4,570,21,575
"ANTHONY WITT",4,570,21,576
"BART FOLK",4,570,21,577
"BECKY CASTELL",4,570,21,578
"BETH FRITZLER",4,570,21,579
"BETH PAIGE",4,570,21,580
"BILL STEWART",4,570,21,581
"BRAD NORVELL",4,570,21,582
"BRADLEY TALBOTT",4,570,21,583
"BRIAN DAHLEN",4,570,21,584
"BRIAN THOMPSON",4,570,21,585
"CARL JACKSON",4,570,21,586
"CAROL ADAMS",4,570,21,587
"CASSANDRA BRANDOW",4,570,21,588
"CATHY PRESCOTT",4,570,21,589
"CHAD CUNNINGHAM",4,570,21,590
"CHAD MCGUIRE",4,570,21,591
"CHRISTINE PHAN",4,570,21,592
"CHUCK MAGEE",4,570,21,593
"CLAY LUDTKE",4,570,21,594
"CLAY ROZENDAL",4,570,21,595
"CYRA REITEN",4,570,21,596
"DAN REICHENBACH",4,570,21,597
"DARRIN MARTIN",4,570,21,598
"DAVE BROOKS",4,570,21,599
"DAVID SMITH",4,570,21,600
"DAVID WIENER",4,570,21,601
"DENNY BLANTON",4,570,21,602
"DON WEISS",4,570,21,603
"DOUG JACOBS",4,570,21,604
"ERIC HOFFMANN",4,570,21,605
"ERIC MURDOCK",4,570,21,606
"ERIN SMITH",4,570,21,607
"EUDOKIA MARTIN",4,570,21,608
"FRANK GASTINEAU",4,570,21,609
"FRANK PRICE",4,570,21,610
"GRACE KELLY",4,570,21,611
"GRANT DONATELLI",4,570,21,612
"HEATHER KIRKLAND",4,570,21,613
"HENIA ZYDLO",4,570,21,614
"HUNTER LOPEZ",4,570,21,615
"JAMIE FRAZER",4,570,21,616
"JANE WACO",4,570,21,617
"JASON FORTUNE",4,570,21,618
"JESUS OCAMPO",4,570,21,619
"JILL FJELD",4,570,21,620
"JOHN STEVENSON",4,570,21,621
"JUSTIN MACKENDRICK",4,570,21,622
"KALYCA MEADE",4,570,21,623
"KAREN DANIELS",4,570,21,624
"KATHERINE DUCICH",4,570,21,625
"KATHERINE MURRAY",4,570,21,626
"KEITH HERRERA",4,570,21,627
"KEN BLACK",4,570,21,628
"KRISTEN HASTINGS",4,570,21,629
"LAUREL BELTRAN",4,570,21,630
"LAUREL WORKMAN",4,570,21,631
"LENA CACIOPPO",4,570,21,632
"LENA HERNANDEZ",4,570,21,633
"LIZ THOMPSON",4,570,21,634
"LORI OLSON",4,570,21,635
"LUKE FOSTER",4,570,21,636
"MARIBETH SCHNELLING",4,570,21,637
"MARINA LICHTENSTEIN",4,570,21,638
"MARK HABERLIN",4,570,21,639
"MAURICE SATTY",4,570,21,640
"MAX LUDWIG",4,570,21,641
"MICHAEL CHEN",4,570,21,642
"MICK BROWN",4,570,21,643
"MIKE CAUDLE",4,570,21,644
"NEIL DUCICH",4,570,21,645
"NEOLA SCHNEIDER",4,570,21,646
"NEOMA MURRAY",4,570,21,647
"PARHENA NORRIS",4,570,21,648
"PAUL LUCAS",4,570,21,649
"PAUL STEVENSON",4,570,21,650
"PAUL VAN HUGH",4,570,21,651
"PHILLIP BREYER",4,570,21,652
"RICARDO EMERSON",4,570,21,653
"RICHARD EICHHORN",4,570,21,654
"ROB BEEGHLY",4,570,21,655
"ROB WILLIAMS",4,570,21,656
"ROLAND MURRAY",4,570,21,657
"ROSE O'BRIAN",4,570,21,658
"ROSS BAIRD",4,570,21,659
"RUBEN AUSMAN",4,570,21,660
"RUSSELL D'ASCENZO",4,570,21,661
"SAM ZELDIN",4,570,21,662
"SHAUN WEIEN",4,570,21,663
"SHUI TOM",4,570,21,664
"STEVEN CARTWRIGHT",4,570,21,665
"SUNG CHUNG",4,570,21,666
"TOBY KNIGHT",4,570,21,667
"TRACY ZIC",4,570,21,668
"VALERIE MITCHUM",4,570,21,669
"ADRIAN HANE",3,670,22,670
"ANDREW GJERTSEN",3,670,22,671
"ANDY YOTOV",3,670,22,672
"ANGELE HOOD",3,670,22,673
"ANN CHONG",3,670,22,674
"ANNA CHUNG",3,670,22,675
"ANNA GAYMAN",3,670,22,676
"ARTHUR WIEDIGER",3,670,22,677
"BARRY FRENCH",3,670,22,678
"BECKY MARTIN",3,670,22,679
"BILL TYLER",3,670,22,680
"BROSINA HOFFMAN",3,670,22,681
"BRUCE MONEY",3,670,22,682
"BRYAN DAVIS",3,670,22,683
"CHARLES SHELDON",3,670,22,684
"COREY ROPER",3,670,22,685
"CORINNA MITCHELL",3,670,22,686
"CYMA KINNEY",3,670,22,687
"DANIEL RAGLIN",3,670,22,688
"DARREN KOUTRAS",3,670,22,689
"DIANNA WILSON",3,670,22,690
"DOUG O'CONNELL",3,670,22,691
"EMILY BURNS",3,670,22,692
"ERICA HACKNEY",3,670,22,693
"FRANK CARLISLE",3,670,22,694
"FRANK OLSEN",3,670,22,695
"GARY HANSEN",3,670,22,696
"GARY MITCHUM",3,670,22,697
"GREG MAXWELL",3,670,22,698
"HARRY GREENE",3,670,22,699
"HEATHER JAS",3,670,22,700
"HENRY MACALLISTER",3,670,22,701
"HERBERT FLENTYE",3,670,22,702
"IVAN GIBSON",3,670,22,703
"JANET MOLINARI",3,670,22,704
"JAY KIMMEL",3,670,22,705
"JEREMY ELLISON",3,670,22,706
"JOCASTA RUPERT",3,670,22,707
"JOEL JENKINS",3,670,22,708
"JOHN GRADY",3,670,22,709
"JONI SUNDARESAM",3,670,22,710
"JOSEPH HOLT",3,670,22,711
"JOY DANIELS",3,670,22,712
"JUSTIN DEGGELLER",3,670,22,713
"KAREN BERN",3,670,22,714
"KATHARINE HARMS",3,670,22,715
"KELLY COLLISTER",3,670,22,716
"LARRY BLACKS",3,670,22,717
"LARRY HUGHES",3,670,22,718
"LINDSAY WILLIAMS",3,670,22,719
"LISA RYAN",3,670,22,720
"LOGAN CURRIE",3,670,22,721
"MARC HARRIGAN",3,670,22,722
"MARK VAN HUFF",3,670,22,723
"MARY O'ROURKE",3,670,22,724
"MARY ZEWE",3,670,22,725
"MATT HAGELSTEIN",3,670,22,726
"MATTHEW CLASEN",3,670,22,727
"MICHAEL NGUYEN",3,670,22,728
"MICK HERNANDEZ",3,670,22,729
"NOAH CHILDS",3,670,22,730
"PATRICIA HIRASAKI",3,670,22,731
"PAULINE JOHNSON",3,670,22,732
"PETER MCVEE",3,670,22,733
"ROGER BARCIO",3,670,22,734
"RYAN AKIN",3,670,22,735
"SANJIT ENGLE",3,670,22,736
"SCOT WOOTEN",3,670,22,737
"SHARELLE ROACH",3,670,22,738
"SHIRLEY SCHMIDT",3,670,22,739
"SUSAN GILCREST",3,670,22,740
"SUSAN MACKENDRICK",3,670,22,741
"THERESA COYNE",3,670,22,742
"THOMAS SEIO",3,670,22,743
"TOM ASHBROOK",3,670,22,744
"TOM ZANDUSKY",3,670,22,745
"ADRIAN BARTON",2,746,23,746
"AIMEE BIXBY",2,746,23,747
"ANNE MCFARLAND",2,746,23,748
"BART PISTOLE",2,746,23,749
"BRIAN DERR",2,746,23,750
"CATHY HWANG",2,746,23,751
"CHLORIS KASTENSMIDT",2,746,23,752
"CHRIS MCAFEE",2,746,23,753
"CHRISTINE KARGATIS",2,746,23,754
"CRAIG RIDER",2,746,23,755
"DEAN BRADEN",2,746,23,756
"DEIRDRE GREER",2,746,23,757
"EMILY DUCICH",2,746,23,758
"FRED HOPKINS",2,746,23,759
"HUNTER GLANTZ",2,746,23,760
"JASON GROSS",2,746,23,761
"JEREMY FARRY",2,746,23,762
"JOE KAMBEROVA",2,746,23,763
"JOHN HUSTON",2,746,23,764
"KATRINA EDELMAN",2,746,23,765
"KEAN TAKAHITO",2,746,23,766
"LINDA CAZAMIAS",2,746,23,767
"MARIS LAWARE",2,746,23,768
"NATALIE FRITZLER",2,746,23,769
"NICOLE FJELD",2,746,23,770
"PAMELA COAKLEY",2,746,23,771
"PAUL GONZALEZ",2,746,23,772
"PETE KRIZ",2,746,23,773
"PHILISSE OVERCASH",2,746,23,774
"RICK HUTHWAITE",2,746,23,775
"RICK REED",2,746,23,776
"ROB LUCAS",2,746,23,777
"ROSS DEVINCENTIS",2,746,23,778
"SCOTT WILLIAMSON",2,746,23,779
"SHAHID COLLISTER",2,746,23,780
"SHIRLEY DANIELS",2,746,23,781
"STEFANIE HOLLOMAN",2,746,23,782
"STEWART CARMICHAEL",2,746,23,783
"TODD SUMRALL",2,746,23,784
"ANTHONY JACOBS",1,785,24,785
"CRAIG CARREIRA",1,785,24,786
"DOROTHY DICKINSON",1,785,24,787
"MARIA ETEZADI",1,785,24,788
"MARK HAMILTON",1,785,24,789
"MAUREEN GRACE",1,785,24,790
"NATALIE DECHERNEY",1,785,24,791
"SAMPLE COMPANY A",1,785,24,792
"TED BUTTERFIELD",1,785,24,793
"TIFFANY HOUSE",1,785,24,794
"TOBY BRAUNHARDT",1,785,24,795
